{
  "openai:gpt-5": {
    "input": 0.00000125,
    "output": 0.00001,
    "cached_input": 0.000000125
  },
  "openai:gpt-5-mini": {
    "input": 0.00000025,
    "output": 0.000002,
    "cached_input": 0.000000025
  },
  "openai:gpt-5-nano": {
    "input": 0.00000005,
    "output": 0.0000004,
    "cached_input": 0.000000005
  },
  "openai:gpt-5-pro": {
    "input": 0.000015,
    "output": 0.00012,
    "cached_input": 0.0000015
  },
  "openai:gpt-4.1": {
    "input": 0.000003,
    "output": 0.000012,
    "cached_input": 0.0000003,
    "training": 0.000025
  },
  "openai:gpt-4.1-mini": {
    "input": 0.0000008,
    "output": 0.0000032,
    "cached_input": 0.00000008,
    "training": 0.000005
  },
  "openai:gpt-4.1-nano": {
    "input": 0.0000002,
    "output": 0.0000008,
    "cached_input": 0.00000002,
    "training": 0.0000015
  },
  "openai:o4-mini": {
    "input": 0.000004,
    "output": 0.000016,
    "cached_input": 0.0000004,
    "training_per_hour": 100.0
  },
  "openai:gpt-realtime": {
    "input": 0.000004,
    "output": 0.000016,
    "cached_input": 0.0000004
  },
  "openai:gpt-realtime-mini": {
    "input": 0.0000006,
    "output": 0.0000024,
    "cached_input": 0.00000006
  },
  "openai:gpt-realtime-audio": {
    "input": 0.000032,
    "output": 0.000064,
    "cached_input": 0.0000004
  },
  "openai:gpt-realtime-mini-audio": {
    "input": 0.00001,
    "output": 0.00002,
    "cached_input": 0.0000003
  },
  "openai:gpt-realtime-image": {
    "input": 0.000005,
    "cached_input": 0.0000005
  },
  "openai:gpt-realtime-mini-image": {
    "input": 0.0000008,
    "cached_input": 0.00000008
  },
  "openai:sora-2": {
    "per_second": 0.10
  },
  "openai:sora-2-pro-720": {
    "per_second": 0.30
  },
  "openai:sora-2-pro-1024": {
    "per_second": 0.50
  },
  "openai:gpt-image-1": {
    "input": 0.000005,
    "output": 0.00004,
    "cached_input": 0.00000125
  },
  "openai:gpt-image-1-mini": {
    "input": 0.0000025,
    "output": 0.000008,
    "cached_input": 0.0000002
  },
  "openai:gpt-4o": {
    "input": 0.0000025,
    "output": 0.00001,
    "cached_input": 0.00000025
  },
  "openai:gpt-4o-mini": {
    "input": 0.00000015,
    "output": 0.0000006,
    "cached_input": 0.000000015
  },
  "openai:gpt-4-turbo": {
    "input": 0.00001,
    "output": 0.00003,
    "cached_input": 0.000001
  },
  "openai:gpt-4": {
    "input": 0.00003,
    "output": 0.00006,
    "cached_input": 0.000003
  },
  "openai:gpt-3.5-turbo": {
    "input": 0.0000005,
    "output": 0.0000015,
    "cached_input": 0.00000005
  },
  "openai:text-embedding-3-small": {
    "input": 0.00000002,
    "output": 0.0
  },
  "openai:text-embedding-3-large": {
    "input": 0.00000013,
    "output": 0.0
  },
  "openai:text-embedding-ada-002": {
    "input": 0.0000001,
    "output": 0.0
  },
  "openai:whisper-1": {
    "per_minute": 0.006
  },
  "openai:tts-1": {
    "per_character": 0.000015
  },
  "openai:tts-1-hd": {
    "per_character": 0.00003
  },
  "openai:dall-e-3": {
    "standard_1024": 0.040,
    "standard_1792": 0.080,
    "hd_1024": 0.080,
    "hd_1792": 0.120
  },
  "openai:dall-e-2": {
    "1024": 0.020,
    "512": 0.018,
    "256": 0.016
  },
  "openai:o1-preview": {
    "input": 0.000015,
    "output": 0.00006,
    "cached_input": 0.0000015
  },
  "openai:o1-mini": {
    "input": 0.000003,
    "output": 0.000012,
    "cached_input": 0.0000003
  },
  "openai:code-interpreter": {
    "per_session": 0.03
  },
  "openai:file-search-storage": {
    "per_gb_day": 0.10
  },
  "openai:file-search-tool": {
    "per_1k_calls": 2.50
  },
  "openai:web-search-tool": {
    "per_1k_calls": 10.00
  },
  "openai:moderation": {
    "input": 0.0,
    "output": 0.0
  },
  "openai:vector-store-storage": {
    "per_gb_day": 0.10
  },
  "anthropic:claude-3-opus": {
    "input": 0.000015,
    "output": 0.000075
  },
  "anthropic:claude-3-sonnet": {
    "input": 0.000003,
    "output": 0.000015
  },
  "pinecone:storage": {
    "per_gb_month": 0.33
  },
  "pinecone:write-units": {
    "per_million": 4.0,
    "per_million_enterprise": 6.0
  },
  "pinecone:read-units": {
    "per_million": 16.0,
    "per_million_enterprise": 24.0
  },
  "pinecone:query": {
    "per_million": 16.0,
    "per_million_enterprise": 24.0
  },
  "pinecone:upsert": {
    "per_million": 4.0,
    "per_million_enterprise": 6.0
  },
  "pinecone:delete": {
    "per_million": 4.0,
    "per_million_enterprise": 6.0
  },
  "pinecone:update": {
    "per_million": 4.0,
    "per_million_enterprise": 6.0
  },
  "pinecone:fetch": {
    "per_million": 16.0,
    "per_million_enterprise": 24.0
  },
  "pinecone:list": {
    "per_million": 16.0,
    "per_million_enterprise": 24.0
  },
  "pinecone:describe_index_stats": {
    "per_million": 16.0,
    "per_million_enterprise": 24.0
  },
  "pinecone:import-from-storage": {
    "per_gb": 1.0
  },
  "pinecone:backup": {
    "per_gb_month": 0.10
  },
  "pinecone:restore-from-backup": {
    "per_gb": 0.15
  },
  "pinecone:llama-text-embed-v2": {
    "per_million_tokens": 0.16
  },
  "pinecone:multilingual-e5-large": {
    "per_million_tokens": 0.08
  },
  "pinecone:pinecone-sparse-english-v0": {
    "per_million_tokens": 0.08
  },
  "pinecone:pinecone-rerank-v0": {
    "per_1k_requests": 2.0
  },
  "pinecone:bge-reranker-v2-m3": {
    "per_1k_requests": 2.0
  },
  "pinecone:cohere-rerank-v3.5": {
    "per_1k_requests": 2.0
  },
  "anthropic:claude-3-opus": {
    "input": 0.000015,
    "output": 0.000075
  },
  "anthropic:claude-3-sonnet": {
    "input": 0.000003,
    "output": 0.000015
  },
  "anthropic:claude-3.5-sonnet": {
    "input": 0.000003,
    "output": 0.000015
  },
  "anthropic:claude-3-haiku": {
    "input": 0.00000025,
    "output": 0.00000125
  },
  "google:gemini-1.5-pro": {
    "input": 0.0000035,
    "output": 0.0000105
  },
  "google:gemini-1.5-flash": {
    "input": 0.000000075,
    "output": 0.0000003
  },
  "google:gemini-1.0-pro": {
    "input": 0.0000005,
    "output": 0.0000015
  },
  "cohere:command": {
    "input": 0.000001,
    "output": 0.000002
  },
  "cohere:command-light": {
    "input": 0.0000003,
    "output": 0.0000006
  },
  "cohere:embed-english-v3.0": {
    "input": 0.0000001,
    "output": 0
  },
  "voyage:voyage-2": {
    "input": 0.00000012,
    "output": 0
  },
  "voyage:voyage-lite-02": {
    "input": 0.00000006,
    "output": 0
  },
  "elevenlabs:eleven_multilingual_v2": {
    "per_1k_chars": 0.18
  },
  "elevenlabs:eleven_turbo_v2": {
    "per_1k_chars": 0.18
  },
  
  "mistral:mistral-large-latest": {
    "input": 0.000002,
    "output": 0.000006
  },
  "mistral:mistral-small-latest": {
    "input": 0.000001,
    "output": 0.000003
  },
  "mistral:mistral-tiny": {
    "input": 0.00000025,
    "output": 0.00000075
  },
  
  "groq:llama-3.1-405b": {
    "input": 0.00000059,
    "output": 0.00000079
  },
  "groq:llama-3.1-70b": {
    "input": 0.00000059,
    "output": 0.00000079
  },
  "groq:llama-3.1-8b": {
    "input": 0.00000005,
    "output": 0.00000008
  },
  "groq:mixtral-8x7b": {
    "input": 0.00000024,
    "output": 0.00000024
  },
  
  "ai21:j2-ultra": {
    "input": 0.000015,
    "output": 0.000015
  },
  "ai21:j2-mid": {
    "input": 0.00001,
    "output": 0.00001
  },
  
  "huggingface:base": {
    "per_1k_tokens": 0.00005
  },
  
  "together:llama-3-70b": {
    "input": 0.0000009,
    "output": 0.0000009
  },
  "together:mixtral-8x22b": {
    "input": 0.0000012,
    "output": 0.0000012
  },
  
  "replicate:base": {
    "per_second": 0.00023
  },
  
  "perplexity:pplx-70b-online": {
    "input": 0.000001,
    "output": 0.000001,
    "per_request": 0.005
  },
  "perplexity:pplx-7b-online": {
    "input": 0.0000002,
    "output": 0.0000002,
    "per_request": 0.005
  },
  
  "azure_openai:gpt-4": {
    "input": 0.00003,
    "output": 0.00006
  },
  "azure_openai:gpt-35-turbo": {
    "input": 0.0000015,
    "output": 0.000002
  },
  
  "aws_bedrock:claude-3-opus": {
    "input": 0.000015,
    "output": 0.000075
  },